iter	RMSE
0	1.752676225
50	1.476156155
100	1.375400846
150	1.316426513
200	1.248559521
250	1.170889762
300	1.116759223
